31012024205719, 4762 "HP copy paper ultra white - ream" 10.8 1 20% $10.8 January 31, 2024, 8:57:19 PM EST
31012024205719, 1111 "Top Secret Twenty One - Janet Evanovich" 7.192 1 20% $7.192 January 31, 2024, 8:57:19 PM EST
31012024205719, 19981 "Pledge furniture polish 13oz" 6.5 1 0% $6.5 January 31, 2024, 8:57:19 PM EST
31012024205719, 268 "Sidi Wire 2 carbon shoes - size 48" 499.99 1 0% $499.99 January 31, 2024, 8:57:19 PM EST
31012024205719, 387 "Brachs butterscotch hard candy - 1 lb" 3.6 1 20% $3.6 January 31, 2024, 8:57:19 PM EST

31012024210354, 228865X "3M Super 33+ electrical tape box 10" 26.0 1 20% $26.0 January 31, 2024, 9:03:54 PM EST
31012024210354, 198 "Box of 10 Sharpie Roller 0.5mm" 5.2 1 20% $5.2 January 31, 2024, 9:03:54 PM EST
31012024210354, 22389 "Swingline Model B2200 Red stapler" 14.4 1 20% $14.4 January 31, 2024, 9:03:54 PM EST
31012024210354, 14909 "1/4in - 28tpi SS nuts" 0.8 1 20% $0.8 January 31, 2024, 9:03:54 PM EST
31012024210354, 65435689 "12x16 paper cutter with ruler" 28.76 1 20% $28.76 January 31, 2024, 9:03:54 PM EST

31012024211012, 19981 "Pledge furniture polish 13oz" 6.5 1 0% $6.5 January 31, 2024, 9:10:12 PM EST
31012024211012, 582913 "Look Keo 2 Max pedals" 108.0 1 20% $108.0 January 31, 2024, 9:10:12 PM EST
31012024211012, 268 "Sidi Wire 2 carbon shoes - size 48" 499.99 1 0% $499.99 January 31, 2024, 9:10:12 PM EST
31012024211012, 1111 "Top Secret Twenty One - Janet Evanovich" 7.192 1 20% $7.192 January 31, 2024, 9:10:12 PM EST
31012024211012, 89476 "Assos T-Evo shorts" 299.95 1 0% $299.95 January 31, 2024, 9:10:12 PM EST

31012024211755, 4762 "HP copy paper ultra white - ream" 10.8 1 20% $10.8 January 31, 2024, 9:17:55 PM EST
31012024211755, 228865 "3M Super 33+ electrical tape" 2.975 1 15% $2.975 January 31, 2024, 9:17:55 PM EST
31012024211755, 4499120 "M&Ms dark chocolate w/peanuts - 3oz" 2.0 1 20% $2.0 January 31, 2024, 9:17:55 PM EST
31012024211755, 245667 "Colnago jersey - size 6" 120.0 1 0% $120.0 January 31, 2024, 9:17:55 PM EST
31012024211755, 29741 "Plush teddy bear 8 inch" 24.0 1 0% $24.0 January 31, 2024, 9:17:55 PM EST

31012024212220, 1111 "Top Secret Twenty One - Janet Evanovich" 7.192 1 20% $7.192 January 31, 2024, 9:22:20 PM EST
31012024212220, 19981 "Pledge furniture polish 13oz" 6.5 1 0% $6.5 January 31, 2024, 9:22:20 PM EST
31012024212220, 38712987 "Wilson NCAA official softball - 1 ea" 4.4 1 20% $4.4 January 31, 2024, 9:22:20 PM EST
31012024212220, 298765 "3x5 index cards - 100 count" 1.8 1 20% $1.8 January 31, 2024, 9:22:20 PM EST
31012024212220, 22389 "Swingline Model B2200 Red stapler" 14.4 1 20% $14.4 January 31, 2024, 9:22:20 PM EST

